Fund Name,P1,P2,P3,P4,P5,Topsis Score,Rank
M1,0.79,0.62,5.1,45.0,12.88,0.49763382470488665,5
M2,0.62,0.38,4.4,31.0,9.1,0.5411815838814132,2
M3,0.72,0.52,5.1,49.3,13.91,0.5314273165202863,3
M4,0.67,0.45,5.0,69.3,18.86,0.5186529673259693,4
M5,0.92,0.85,5.1,62.6,17.37,0.41194811950489063,8
M6,0.94,0.88,5.4,42.1,12.33,0.4290094900115809,6
M7,0.64,0.41,6.8,58.7,16.64,0.6046019753691396,1
M8,0.94,0.88,5.6,65.7,18.28,0.42763679374634067,7
